{
    "test": {
        "loss": 33.511541467285156
    },
    "val": {
        "loss": 32.94006128540039,
        "best_epoch": 84
    }
}